<?xml version="1.0" encoding="UTF-8"?>
<GenRun Id="synth_1" LaunchPart="xc7a100tcsg324-1" LaunchTime="1563975995">
  <File Type="VDS-TIMING-PB" Name="GeneralVSkt_timing_summary_synth.pb"/>
  <File Type="VDS-TIMINGSUMMARY" Name="GeneralVSkt_timing_summary_synth.rpt"/>
  <File Type="RDS-DCP" Name="GeneralVSkt.dcp"/>
  <File Type="RDS-UTIL-PB" Name="GeneralVSkt_utilization_synth.pb"/>
  <File Type="RDS-UTIL" Name="GeneralVSkt_utilization_synth.rpt"/>
  <File Type="RDS-PROPCONSTRS" Name="GeneralVSkt_drc_synth.rpt"/>
  <File Type="RDS-RDS" Name="GeneralVSkt.vds"/>
  <File Type="REPORTS-TCL" Name="GeneralVSkt_reports.tcl"/>
  <File Type="PA-TCL" Name="GeneralVSkt.tcl"/>
  <FileSet Name="sources" Type="DesignSrcs" RelSrcDir="$PSRCDIR/sources_1">
    <Filter Type="Srcs"/>
    <File Path="$PSRCDIR/sources_1/ip/fifo_1024x96/fifo_1024x96.xci">
      <FileInfo>
        <Attr Name="UsedIn" Val="synthesis"/>
        <Attr Name="UsedIn" Val="implementation"/>
        <Attr Name="UsedIn" Val="simulation"/>
      </FileInfo>
    </File>
    <File Path="$PSRCDIR/sources_1/ip/blk_mem_65536x32/blk_mem_65536x32.xci">
      <FileInfo>
        <Attr Name="ImportPath" Val="$PPRDIR/../GeneralSharing_sample_bitmap/GeneralSharing_sample_bitmap.srcs/sources_1/ip/blk_mem_65536x32/blk_mem_65536x32.xci"/>
        <Attr Name="ImportTime" Val="1563482693"/>
        <Attr Name="UsedIn" Val="synthesis"/>
        <Attr Name="UsedIn" Val="implementation"/>
        <Attr Name="UsedIn" Val="simulation"/>
      </FileInfo>
    </File>
    <File Path="$PSRCDIR/sources_1/ip/fifo_1024x64/fifo_1024x64.xci">
      <FileInfo>
        <Attr Name="ImportPath" Val="$PPRDIR/../GeneralSharing_sample_bitmap/GeneralSharing_sample_bitmap.srcs/sources_1/ip/fifo_1024x64/fifo_1024x64.xci"/>
        <Attr Name="ImportTime" Val="1563469963"/>
        <Attr Name="UsedIn" Val="synthesis"/>
        <Attr Name="UsedIn" Val="implementation"/>
        <Attr Name="UsedIn" Val="simulation"/>
      </FileInfo>
    </File>
    <File Path="$PSRCDIR/sources_1/ip/blk_mem_16384x32/blk_mem_16384x32.xci">
      <FileInfo>
        <Attr Name="ImportPath" Val="$PPRDIR/../GeneralSharing_sample_bitmap/GeneralSharing_sample_bitmap.srcs/sources_1/ip/blk_mem_16384x32/blk_mem_16384x32.xci"/>
        <Attr Name="ImportTime" Val="1563468014"/>
        <Attr Name="UsedIn" Val="synthesis"/>
        <Attr Name="UsedIn" Val="implementation"/>
        <Attr Name="UsedIn" Val="simulation"/>
      </FileInfo>
    </File>
    <File Path="$PSRCDIR/sources_1/new/GeneralSharingSketch.v">
      <FileInfo>
        <Attr Name="ImportPath" Val="$PPRDIR/../GeneralSharing_sample_bitmap/GeneralSharing_sample_bitmap.srcs/sources_1/new/GeneralSharingSketch.v"/>
        <Attr Name="ImportTime" Val="1563497487"/>
        <Attr Name="UsedIn" Val="synthesis"/>
        <Attr Name="UsedIn" Val="implementation"/>
        <Attr Name="UsedIn" Val="simulation"/>
      </FileInfo>
    </File>
    <File Path="$PSRCDIR/sources_1/new/digital.v">
      <FileInfo>
        <Attr Name="ImportPath" Val="$PPRDIR/../GeneralSharing_sample_bitmap/GeneralSharing_sample_bitmap.srcs/sources_1/new/digital.v"/>
        <Attr Name="ImportTime" Val="1563489741"/>
        <Attr Name="UsedIn" Val="synthesis"/>
        <Attr Name="UsedIn" Val="implementation"/>
        <Attr Name="UsedIn" Val="simulation"/>
      </FileInfo>
    </File>
    <File Path="$PSRCDIR/sources_1/new/leadingzeros.v">
      <FileInfo>
        <Attr Name="ImportPath" Val="$PPRDIR/../GeneralSharing_sample_bitmap/GeneralSharing_sample_bitmap.srcs/sources_1/new/leadingzeros.v"/>
        <Attr Name="ImportTime" Val="1563492607"/>
        <Attr Name="UsedIn" Val="synthesis"/>
        <Attr Name="UsedIn" Val="implementation"/>
        <Attr Name="UsedIn" Val="simulation"/>
      </FileInfo>
    </File>
    <File Path="$PSRCDIR/sources_1/new/packetgenerator.v">
      <FileInfo>
        <Attr Name="ImportPath" Val="$PPRDIR/../GeneralSharing_sample_bitmap/GeneralSharing_sample_bitmap.srcs/sources_1/new/packetgenerator.v"/>
        <Attr Name="ImportTime" Val="1563475377"/>
        <Attr Name="UsedIn" Val="synthesis"/>
        <Attr Name="UsedIn" Val="implementation"/>
        <Attr Name="UsedIn" Val="simulation"/>
      </FileInfo>
    </File>
    <File Path="$PSRCDIR/sources_1/new/randomnumber.v">
      <FileInfo>
        <Attr Name="ImportPath" Val="$PPRDIR/../GeneralSharing_sample_bitmap/GeneralSharing_sample_bitmap.srcs/sources_1/new/randomnumber.v"/>
        <Attr Name="ImportTime" Val="1563491106"/>
        <Attr Name="UsedIn" Val="synthesis"/>
        <Attr Name="UsedIn" Val="implementation"/>
        <Attr Name="UsedIn" Val="simulation"/>
      </FileInfo>
    </File>
    <File Path="$PSRCDIR/sources_1/new/uIntHash.v">
      <FileInfo>
        <Attr Name="ImportPath" Val="$PPRDIR/../GeneralSharing_sample_bitmap/GeneralSharing_sample_bitmap.srcs/sources_1/new/uIntHash.v"/>
        <Attr Name="ImportTime" Val="1563497449"/>
        <Attr Name="UsedIn" Val="synthesis"/>
        <Attr Name="UsedIn" Val="implementation"/>
        <Attr Name="UsedIn" Val="simulation"/>
      </FileInfo>
    </File>
    <File Path="$PSRCDIR/sources_1/new/GeneralVskt.v">
      <FileInfo>
        <Attr Name="UsedIn" Val="synthesis"/>
        <Attr Name="UsedIn" Val="implementation"/>
        <Attr Name="UsedIn" Val="simulation"/>
      </FileInfo>
    </File>
    <Config>
      <Option Name="DesignMode" Val="RTL"/>
      <Option Name="TopModule" Val="GeneralVSkt"/>
      <Option Name="TopAutoSet" Val="TRUE"/>
    </Config>
  </FileSet>
  <FileSet Name="constrs_in" Type="Constrs" RelSrcDir="$PSRCDIR/constrs_1">
    <Filter Type="Constrs"/>
    <File Path="$PSRCDIR/constrs_1/new/GeneralVskt.xdc">
      <FileInfo>
        <Attr Name="UsedIn" Val="synthesis"/>
        <Attr Name="UsedIn" Val="implementation"/>
      </FileInfo>
    </File>
    <Config>
      <Option Name="ConstrsType" Val="XDC"/>
    </Config>
  </FileSet>
  <FileSet Name="utils" Type="Utils" RelSrcDir="$PSRCDIR/utils_1">
    <Filter Type="Utils"/>
    <Config>
      <Option Name="TopAutoSet" Val="TRUE"/>
    </Config>
  </FileSet>
  <Strategy Version="1" Minor="2">
    <StratHandle Name="Vivado Synthesis Defaults" Flow="Vivado Synthesis 2018"/>
    <Step Id="synth_design"/>
  </Strategy>
</GenRun>
