<?xml version="1.0" encoding="UTF-8"?>
<GenRun Id="impl_1" LaunchPart="xc7a100tcsg324-1" LaunchTime="1563976164">
  <File Type="WBT-USG" Name="usage_statistics_webtalk.html"/>
  <File Type="BG-DRC" Name="GeneralSketchBloom.drc"/>
  <File Type="BG-BGN" Name="GeneralSketchBloom.bgn"/>
  <File Type="BITSTR-SYSDEF" Name="GeneralSketchBloom.sysdef"/>
  <File Type="BITSTR-LTX" Name="debug_nets.ltx"/>
  <File Type="BITSTR-LTX" Name="GeneralSketchBloom.ltx"/>
  <File Type="BITSTR-MMI" Name="GeneralSketchBloom.mmi"/>
  <File Type="BITSTR-BMM" Name="GeneralSketchBloom_bd.bmm"/>
  <File Type="BITSTR-NKY" Name="GeneralSketchBloom.nky"/>
  <File Type="BITSTR-RBT" Name="GeneralSketchBloom.rbt"/>
  <File Type="BITSTR-MSK" Name="GeneralSketchBloom.msk"/>
  <File Type="BG-BIN" Name="GeneralSketchBloom.bin"/>
  <File Type="BG-BIT" Name="GeneralSketchBloom.bit"/>
  <File Type="POSTROUTE-PHYSOPT-BUS-SKEW-RPX" Name="GeneralSketchBloom_bus_skew_postroute_physopted.rpx"/>
  <File Type="POSTROUTE-PHYSOPT-BUS-SKEW-PB" Name="GeneralSketchBloom_bus_skew_postroute_physopted.pb"/>
  <File Type="POSTROUTE-PHYSOPT-BUS-SKEW" Name="GeneralSketchBloom_bus_skew_postroute_physopted.rpt"/>
  <File Type="RDI-RDI" Name="GeneralSketchBloom.vdi"/>
  <File Type="POSTROUTE-PHYSOPT-TIMING-RPX" Name="GeneralSketchBloom_timing_summary_postroute_physopted.rpx"/>
  <File Type="POSTROUTE-PHYSOPT-TIMING-PB" Name="GeneralSketchBloom_timing_summary_postroute_physopted.pb"/>
  <File Type="POSTROUTE-PHYSOPT-TIMING" Name="GeneralSketchBloom_timing_summary_postroute_physopted.rpt"/>
  <File Type="POSTROUTE-PHYSOPT-BLACKBOX-DCP" Name="GeneralSketchBloom_postroute_physopt_bb.dcp"/>
  <File Type="POSTROUTE-PHYSOPT-DCP" Name="GeneralSketchBloom_postroute_physopt.dcp"/>
  <File Type="ROUTE-BUS-SKEW" Name="GeneralSketchBloom_bus_skew_routed.rpt"/>
  <File Type="ROUTE-CLK" Name="GeneralSketchBloom_clock_utilization_routed.rpt"/>
  <File Type="ROUTE-SIMILARITY" Name="GeneralSketchBloom_incremental_reuse_routed.rpt"/>
  <File Type="ROUTE-TIMING-RPX" Name="GeneralSketchBloom_timing_summary_routed.rpx"/>
  <File Type="ROUTE-TIMING-PB" Name="GeneralSketchBloom_timing_summary_routed.pb"/>
  <File Type="ROUTE-TIMINGSUMMARY" Name="GeneralSketchBloom_timing_summary_routed.rpt"/>
  <File Type="ROUTE-STATUS-PB" Name="GeneralSketchBloom_route_status.pb"/>
  <File Type="ROUTE-STATUS" Name="GeneralSketchBloom_route_status.rpt"/>
  <File Type="ROUTE-PWR-RPX" Name="GeneralSketchBloom_power_routed.rpx"/>
  <File Type="ROUTE-PWR-SUM" Name="GeneralSketchBloom_power_summary_routed.pb"/>
  <File Type="ROUTE-PWR" Name="GeneralSketchBloom_power_routed.rpt"/>
  <File Type="ROUTE-METHODOLOGY-DRC-PB" Name="GeneralSketchBloom_methodology_drc_routed.pb"/>
  <File Type="ROUTE-METHODOLOGY-DRC-RPX" Name="GeneralSketchBloom_methodology_drc_routed.rpx"/>
  <File Type="ROUTE-METHODOLOGY-DRC" Name="GeneralSketchBloom_methodology_drc_routed.rpt"/>
  <File Type="ROUTE-DRC-RPX" Name="GeneralSketchBloom_drc_routed.rpx"/>
  <File Type="ROUTE-DRC-PB" Name="GeneralSketchBloom_drc_routed.pb"/>
  <File Type="ROUTE-DRC" Name="GeneralSketchBloom_drc_routed.rpt"/>
  <File Type="ROUTE-BLACKBOX-DCP" Name="GeneralSketchBloom_routed_bb.dcp"/>
  <File Type="ROUTE-DCP" Name="GeneralSketchBloom_routed.dcp"/>
  <File Type="ROUTE-ERROR-DCP" Name="GeneralSketchBloom_routed_error.dcp"/>
  <File Type="PHYSOPT-TIMING" Name="GeneralSketchBloom_timing_summary_physopted.rpt"/>
  <File Type="PHYSOPT-DRC" Name="GeneralSketchBloom_drc_physopted.rpt"/>
  <File Type="PHYSOPT-DCP" Name="GeneralSketchBloom_physopt.dcp"/>
  <File Type="POSTPLACE-PWROPT-TIMING" Name="GeneralSketchBloom_timing_summary_postplace_pwropted.rpt"/>
  <File Type="POSTPLACE-PWROPT-DCP" Name="GeneralSketchBloom_postplace_pwropt.dcp"/>
  <File Type="PLACE-TIMING" Name="GeneralSketchBloom_timing_summary_placed.rpt"/>
  <File Type="PLACE-PRE-SIMILARITY" Name="GeneralSketchBloom_incremental_reuse_pre_placed.rpt"/>
  <File Type="PLACE-SIMILARITY" Name="GeneralSketchBloom_incremental_reuse_placed.rpt"/>
  <File Type="PLACE-CTRL" Name="GeneralSketchBloom_control_sets_placed.rpt"/>
  <File Type="PLACE-UTIL-PB" Name="GeneralSketchBloom_utilization_placed.pb"/>
  <File Type="PLACE-UTIL" Name="GeneralSketchBloom_utilization_placed.rpt"/>
  <File Type="PLACE-CLK" Name="GeneralSketchBloom_clock_utilization_placed.rpt"/>
  <File Type="PLACE-IO" Name="GeneralSketchBloom_io_placed.rpt"/>
  <File Type="PLACE-DCP" Name="GeneralSketchBloom_placed.dcp"/>
  <File Type="PWROPT-TIMING" Name="GeneralSketchBloom_timing_summary_pwropted.rpt"/>
  <File Type="PWROPT-DRC" Name="GeneralSketchBloom_drc_pwropted.rpt"/>
  <File Type="PWROPT-DCP" Name="GeneralSketchBloom_pwropt.dcp"/>
  <File Type="OPT-TIMING" Name="GeneralSketchBloom_timing_summary_opted.rpt"/>
  <File Type="OPT-HWDEF" Name="GeneralSketchBloom.hwdef"/>
  <File Type="OPT-METHODOLOGY-DRC" Name="GeneralSketchBloom_methodology_drc_opted.rpt"/>
  <File Type="OPT-DRC" Name="GeneralSketchBloom_drc_opted.rpt"/>
  <File Type="OPT-DCP" Name="GeneralSketchBloom_opt.dcp"/>
  <File Type="INIT-TIMING" Name="GeneralSketchBloom_timing_summary_init.rpt"/>
  <File Type="ROUTE-BUS-SKEW-RPX" Name="GeneralSketchBloom_bus_skew_routed.rpx"/>
  <File Type="REPORTS-TCL" Name="GeneralSketchBloom_reports.tcl"/>
  <File Type="ROUTE-BUS-SKEW-PB" Name="GeneralSketchBloom_bus_skew_routed.pb"/>
  <File Type="PA-TCL" Name="GeneralSketchBloom.tcl"/>
  <FileSet Name="sources" Type="DesignSrcs" RelSrcDir="$PSRCDIR/sources_1">
    <Filter Type="Srcs"/>
    <File Path="$PSRCDIR/sources_1/ip/fifo_1024x96/fifo_1024x96.xci">
      <FileInfo>
        <Attr Name="ImportPath" Val="$PPRDIR/../GeneralVskt/GeneralVskt.srcs/sources_1/ip/fifo_1024x96/fifo_1024x96.xci"/>
        <Attr Name="ImportTime" Val="1563506869"/>
        <Attr Name="UsedIn" Val="synthesis"/>
        <Attr Name="UsedIn" Val="implementation"/>
        <Attr Name="UsedIn" Val="simulation"/>
      </FileInfo>
    </File>
    <File Path="$PSRCDIR/sources_1/ip/blk_mem_65536x32/blk_mem_65536x32.xci">
      <FileInfo>
        <Attr Name="ImportPath" Val="$PPRDIR/../GeneralSharing_sample_bitmap/GeneralSharing_sample_bitmap.srcs/sources_1/ip/blk_mem_65536x32/blk_mem_65536x32.xci"/>
        <Attr Name="ImportTime" Val="1563482693"/>
        <Attr Name="UsedIn" Val="synthesis"/>
        <Attr Name="UsedIn" Val="implementation"/>
        <Attr Name="UsedIn" Val="simulation"/>
      </FileInfo>
    </File>
    <File Path="$PSRCDIR/sources_1/ip/fifo_1024x64/fifo_1024x64.xci">
      <FileInfo>
        <Attr Name="ImportPath" Val="$PPRDIR/../GeneralSharing_sample_bitmap/GeneralSharing_sample_bitmap.srcs/sources_1/ip/fifo_1024x64/fifo_1024x64.xci"/>
        <Attr Name="ImportTime" Val="1563469963"/>
        <Attr Name="UsedIn" Val="synthesis"/>
        <Attr Name="UsedIn" Val="implementation"/>
        <Attr Name="UsedIn" Val="simulation"/>
      </FileInfo>
    </File>
    <File Path="$PSRCDIR/sources_1/ip/fifo_1024x66/fifo_1024x66.xci">
      <FileInfo>
        <Attr Name="UsedIn" Val="synthesis"/>
        <Attr Name="UsedIn" Val="implementation"/>
        <Attr Name="UsedIn" Val="simulation"/>
      </FileInfo>
    </File>
    <File Path="$PSRCDIR/sources_1/ip/blk_mem_16384x32/blk_mem_16384x32.xci">
      <FileInfo>
        <Attr Name="ImportPath" Val="$PPRDIR/../GeneralSharing_sample_bitmap/GeneralSharing_sample_bitmap.srcs/sources_1/ip/blk_mem_16384x32/blk_mem_16384x32.xci"/>
        <Attr Name="ImportTime" Val="1563468014"/>
        <Attr Name="UsedIn" Val="synthesis"/>
        <Attr Name="UsedIn" Val="implementation"/>
        <Attr Name="UsedIn" Val="simulation"/>
      </FileInfo>
    </File>
    <File Path="$PSRCDIR/sources_1/new/GeneralSharingSketch.v">
      <FileInfo>
        <Attr Name="ImportPath" Val="$PPRDIR/../GeneralSharing_sample_bitmap/GeneralSharing_sample_bitmap.srcs/sources_1/new/GeneralSharingSketch.v"/>
        <Attr Name="ImportTime" Val="1563497487"/>
        <Attr Name="UsedIn" Val="synthesis"/>
        <Attr Name="UsedIn" Val="implementation"/>
        <Attr Name="UsedIn" Val="simulation"/>
      </FileInfo>
    </File>
    <File Path="$PSRCDIR/sources_1/new/digital.v">
      <FileInfo>
        <Attr Name="ImportPath" Val="$PPRDIR/../GeneralSharing_sample_bitmap/GeneralSharing_sample_bitmap.srcs/sources_1/new/digital.v"/>
        <Attr Name="ImportTime" Val="1563489741"/>
        <Attr Name="UsedIn" Val="synthesis"/>
        <Attr Name="UsedIn" Val="implementation"/>
        <Attr Name="UsedIn" Val="simulation"/>
      </FileInfo>
    </File>
    <File Path="$PSRCDIR/sources_1/new/leadingzeros.v">
      <FileInfo>
        <Attr Name="ImportPath" Val="$PPRDIR/../GeneralSharing_sample_bitmap/GeneralSharing_sample_bitmap.srcs/sources_1/new/leadingzeros.v"/>
        <Attr Name="ImportTime" Val="1563492607"/>
        <Attr Name="UsedIn" Val="synthesis"/>
        <Attr Name="UsedIn" Val="implementation"/>
        <Attr Name="UsedIn" Val="simulation"/>
      </FileInfo>
    </File>
    <File Path="$PSRCDIR/sources_1/new/packetgenerator.v">
      <FileInfo>
        <Attr Name="ImportPath" Val="$PPRDIR/../GeneralSharing_sample_bitmap/GeneralSharing_sample_bitmap.srcs/sources_1/new/packetgenerator.v"/>
        <Attr Name="ImportTime" Val="1563475377"/>
        <Attr Name="UsedIn" Val="synthesis"/>
        <Attr Name="UsedIn" Val="implementation"/>
        <Attr Name="UsedIn" Val="simulation"/>
      </FileInfo>
    </File>
    <File Path="$PSRCDIR/sources_1/new/randomnumber.v">
      <FileInfo>
        <Attr Name="ImportPath" Val="$PPRDIR/../GeneralSharing_sample_bitmap/GeneralSharing_sample_bitmap.srcs/sources_1/new/randomnumber.v"/>
        <Attr Name="ImportTime" Val="1563491106"/>
        <Attr Name="UsedIn" Val="synthesis"/>
        <Attr Name="UsedIn" Val="implementation"/>
        <Attr Name="UsedIn" Val="simulation"/>
      </FileInfo>
    </File>
    <File Path="$PSRCDIR/sources_1/new/uIntHash.v">
      <FileInfo>
        <Attr Name="ImportPath" Val="$PPRDIR/../GeneralSharing_sample_bitmap/GeneralSharing_sample_bitmap.srcs/sources_1/new/uIntHash.v"/>
        <Attr Name="ImportTime" Val="1563497449"/>
        <Attr Name="UsedIn" Val="synthesis"/>
        <Attr Name="UsedIn" Val="implementation"/>
        <Attr Name="UsedIn" Val="simulation"/>
      </FileInfo>
    </File>
    <File Path="$PSRCDIR/sources_1/new/GeneralSketchBloom.v">
      <FileInfo>
        <Attr Name="ImportPath" Val="$PPRDIR/../GeneralVskt/GeneralVskt.srcs/sources_1/new/GeneralSketchBloom.v"/>
        <Attr Name="ImportTime" Val="1563510684"/>
        <Attr Name="UsedIn" Val="synthesis"/>
        <Attr Name="UsedIn" Val="implementation"/>
        <Attr Name="UsedIn" Val="simulation"/>
      </FileInfo>
    </File>
    <Config>
      <Option Name="DesignMode" Val="RTL"/>
      <Option Name="TopModule" Val="GeneralSketchBloom"/>
      <Option Name="TopAutoSet" Val="TRUE"/>
    </Config>
  </FileSet>
  <FileSet Name="constrs_in" Type="Constrs" RelSrcDir="$PSRCDIR/constrs_1">
    <Filter Type="Constrs"/>
    <File Path="$PSRCDIR/constrs_1/new/GeneralSketchBloom.xdc">
      <FileInfo>
        <Attr Name="ImportPath" Val="$PPRDIR/../GeneralVskt/GeneralVskt.srcs/constrs_1/new/GeneralSketchBloom.xdc"/>
        <Attr Name="ImportTime" Val="1563509604"/>
        <Attr Name="UsedIn" Val="synthesis"/>
        <Attr Name="UsedIn" Val="implementation"/>
      </FileInfo>
    </File>
    <Config>
      <Option Name="ConstrsType" Val="XDC"/>
    </Config>
  </FileSet>
  <FileSet Name="utils" Type="Utils" RelSrcDir="$PSRCDIR/utils_1">
    <Filter Type="Utils"/>
    <Config>
      <Option Name="TopAutoSet" Val="TRUE"/>
    </Config>
  </FileSet>
  <Strategy Version="1" Minor="2">
    <StratHandle Name="Vivado Implementation Defaults" Flow="Vivado Implementation 2018"/>
    <Step Id="init_design"/>
    <Step Id="opt_design"/>
    <Step Id="power_opt_design"/>
    <Step Id="place_design"/>
    <Step Id="post_place_power_opt_design"/>
    <Step Id="phys_opt_design"/>
    <Step Id="route_design"/>
    <Step Id="post_route_phys_opt_design"/>
    <Step Id="write_bitstream"/>
  </Strategy>
</GenRun>
